"Core_Speed","L2_Cache","Max_Power","Memory","Memory_Bandwidth","Memory_Speed","TMUs","Texture_Rate"
738,0,141,1024,64,1000,64,47
870,0,190,2048,134.4,1050,40,35
650,768,250,6144,177.6,925,56,36
706,1536,245,12288,288.4,1502,240,169
837,1536,250,6144,288.4,1502,224,196
1140,3072,250,12288,336.6,1753,192,240
1000,3072,250,12288,336.6,1753,192,209
1127,3072,250,12288,336.6,1753,192,233
928,1536,265,6144,288.4,1502,224,220
1000,3072,300,12288,384,500,320,320
837,1536,250,6144,288.4,1502,224,196
1000,3072,375,16384,512,500,320,320
837,1536,250,6144,288.4,1502,224,196
937,1536,265,6144,288.4,1502,224,220
837,1536,250,6144,288.4,1502,224,196
889,1536,250,6144,336,1750,240,235
837,1536,250,6144,288.4,1502,224,196
837,1536,250,6144,288.4,1502,224,196
630,512,26,2048,28.8,900,20,14
900,768,225,12288,264,1375,112,101
900,768,225,6144,264,1375,112,101
825,768,375,6144,240,1250,224,185
870,0,190,1024,134.4,1050,40,35
1000,0,190,1024,134.4,1050,40,40
901,0,190,1024,128,1000,40,36
960,0,190,1024,134.4,1050,40,38
750,0,150,1024,115.2,900,40,30
850,0,190,1024,124.8,975,40,34
780,0,150,512,121.6,950,40,31
625,0,250,2048,63.6,993,40,25
625,0,110,1024,63.6,993,40,25
640,0,110,512,60.2,940,40,26
625,0,110,512,63.6,993,40,25
575,0,95,512,57.6,900,32,18
575,0,95,512,57.6,900,32,18
750,0,59,1024,27.9,873,32,24
750,0,80,512,51.2,800,32,24
750,0,59,1024,25.6,800,32,24
750,0,59,1024,25.6,800,32,24
750,0,59,512,32.1,1004,32,24
600,0,48,1024,24,750,32,19
600,0,48,1024,22.4,700,32,19
750,0,59,1024,25.6,800,32,24
600,0,20,512,6.4,400,8,5
600,0,25,256,12.8,800,8,5
600,0,20,1024,8,500,8,5
600,0,25,512,12.8,800,8,5
750,0,59,512,25.6,800,32,24
600,0,20,512,6.4,400,8,5
650,0,105,1024,57.6,900,32,21
500,0,75,768,24,500,32,16
500,0,50,512,16,500,16,8
825,0,165,1024,57.6,900,16,13
777,0,106,512,72.1,1126,16,12
567,0,35,512,8,500,8,5
300,1024,47,128,29.9,933,8,9
200,1024,47,128,12.8,800,8,10
723,768,125,4096,160,1250,128,93
850,512,100,4096,153.6,1200,80,72
723,768,125,4096,160,1250,128,93
900,512,100,4096,160,1250,80,76
700,256,50,1024,64,1000,40,28
625,256,39,1024,64,1000,40,25
500,256,24,1024,25.6,800,40,20
850,512,100,4096,153.6,1200,80,72
650,256,26,1024,25.6,800,20,13
650,256,30,1024,51.2,800,20,13
450,256,15,1024,25.6,800,20,9
750,128,15,1024,12.8,800,8,6
675,128,11,1024,12.8,800,8,5
850,512,100,2048,153.6,1200,80,72
500,128,7,1024,12.8,800,8,4
550,256,25,1024,51.2,800,20,11
850,256,35,2048,64,1000,24,22
775,256,20,2048,72,1125,24,20
620,256,20,2048,64,1000,24,19
650,256,15,1024,32,1000,24,17
670,256,20,2048,28.8,900,24,20
680,512,75,2048,115.2,900,48,33
580,512,50,1024,115.2,900,48,28
675,256,50,1024,25.6,800,40,27
575,256,39,2048,25.6,800,40,23
675,256,50,1024,64,1000,40,27
725,256,35,2048,51.2,800,24,17
715,512,100,2048,115.2,900,56,40
725,256,35,1024,51.2,800,24,17
650,256,30,1024,51.2,800,20,13
725,256,39,1024,25.6,800,24,17
485,256,26,1024,25.6,800,24,12
600,256,26,1024,25.6,800,20,12
800,128,11,1024,12.8,800,8,6
750,128,14,512,25.6,800,8,6
500,256,26,1024,25.6,800,20,10
600,128,11,1024,12.8,800,8,5
750,128,11,1024,12.8,800,8,6
500,128,7,1024,14.4,900,8,4
480,128,11,1024,12.8,800,8,4
500,128,7,1024,12.8,800,8,4
700,512,75,2048,128,1000,8,6
675,256,40,2048,64,1000,40,27
800,256,45,2048,64,1000,40,32
675,256,32,2048,64,1000,32,22
850,512,100,2048,153.6,1200,80,68
575,256,25,2048,28.8,900,32,22
725,256,25,1024,57.6,900,24,17
600,256,20,1024,28.8,900,24,14
500,256,20,1024,28.8,900,24,12
600,256,20,2048,28.8,900,24,14
575,256,28,1024,64,1000,32,18
675,256,32,1024,64,1000,32,22
725,256,20,1024,28.8,900,24,17
450,256,20,1024,25.6,800,24,11
450,256,20,1024,25.6,800,20,9
450,256,14,1024,25.6,800,24,11
600,256,18,1024,25.6,800,24,14
450,256,11,1024,12.8,800,20,9
450,256,11,1024,14.4,900,20,9
500,256,14,2048,14.4,900,24,12
500,256,13,1024,25.6,800,24,12
600,128,7,1024,14.4,900,8,5
700,128,7,1024,14.4,900,8,6
800,128,7,512,14.4,900,8,6
800,128,9,1024,30.4,950,8,6
750,128,11,1024,12.8,800,8,6
500,128,7,1024,14.4,900,4,2
500,128,5,1024,12.8,800,4,2
715,256,35,2048,64,1000,24,17
800,256,35,2048,32,1000,24,20
940,256,35,2048,16,1000,24,24
620,256,35,4096,28.8,900,24,17
725,256,30,4096,32,1000,24,20
925,256,20,4096,16,1000,20,19
780,256,20,4096,16,1000,20,17
900,512,75,4096,88,1375,56,56
1000,512,75,4096,96,1500,48,48
1000,512,75,4096,96,1500,56,62
900,256,75,4096,72,1125,40,37
625,256,50,4096,64,1000,40,25
943,256,25,2048,16,1000,20,20
1000,256,75,2048,35.2,1100,40,41
1000,256,50,2048,17.6,1100,24,24
1000,256,50,4096,17.6,1100,24,24
1070,256,25,2048,17.6,1100,20,21
1000,256,25,2048,16,1000,20,21
780,256,20,2048,16,1000,20,17
1000,256,25,4096,16,1000,20,21
900,512,75,4096,88,1375,56,56
1000,512,75,4096,96,1500,56,62
1070,256,25,4096,17.6,1100,20,21
980,128,30,1024,20.8,650,16,16
771,512,100,8192,115.5,902,128,99
601,512,100,4096,89.6,700,80,48
601,512,100,4096,96,750,112,67
706,256,45,2048,44.8,700,32,23
706,512,75,4096,102.4,800,64,45
850,256,45,2048,28.8,900,16,14
550,256,55,2048,28.8,900,32,18
720,4352,50,2048,25.6,800,40,29
825,256,50,2048,72,1125,24,22
954,512,122,8192,160,1250,128,127
954,512,122,4096,160,1250,128,127
575,512,75,1536,72,750,56,32
590,384,35,3072,43.2,900,24,14
620,512,100,2048,96,750,64,40
753,256,35,1024,50.2,784,16,12
775,384,75,1536,60,625,32,25
675,384,35,2048,28.8,900,24,16
740,256,35,2048,28.8,900,16,12
672,256,35,1024,28.8,900,16,11
590,384,35,1536,43.2,900,24,14
672,256,35,2048,28.8,900,16,11
740,256,35,1024,28.8,900,16,12
600,256,23,1024,28.8,900,16,10
600,256,25,2048,28.8,900,16,10
672,256,12,1024,12.8,800,8,5
740,128,12,1024,12.8,800,8,6
585,0,75,1024,60.8,950,64,37
600,0,75,1024,64,1000,64,38
900,128,20,1024,14.4,900,8,7
550,0,65,1024,60.8,950,56,31
550,0,38,1024,57.6,900,32,18
500,0,28,1024,51.2,800,32,16
1442,2048,150,8192,256.3,2002,120,197
1290,1024,75,4096,112.1,1752,48,67
550,0,23,1024,25.6,800,16,9
1480,3072,220,11264,484.4,1376,224,354
1354,1024,75,2048,112.1,1752,40,58
625,0,14,512,12.8,800,8,5
500,0,23,1024,25.6,800,16,8
1404,2048,120,6144,192.2,2002,106,177
500,0,14,1024,25.6,800,16,8
575,512,100,2048,96,750,64,37
425,512,100,2048,76.8,600,44,19
535,384,75,1536,60,625,48,26
570,384,35,1024,40,625,24,14
590,384,35,3072,38.4,800,24,14
590,256,35,1024,25.6,800,16,9
650,256,35,1024,25.6,800,16,10
560,256,23,1024,25.6,800,16,9
675,384,50,1536,60,625,32,22
941,512,100,6144,120,1250,112,108
1556,2048,180,8192,320.3,1251,160,277
575,128,12,1024,12.8,800,8,5
500,256,23,512,25.6,800,16,8
500,128,12,512,25.6,800,8,4
1029,2048,50,4096,80,1250,40,44
606,0,14,512,12.8,800,8,5
876,2048,45,2048,80.2,1253,40,37
936,2048,45,4096,32,1000,40,43
1029,1024,33,2048,16,1001,24,27
625,128,15,2048,14.4,900,16,10
1029,1024,33,2048,16,1001,24,27
850,128,33,2048,14.4,900,32,30
936,2048,45,2048,32,1000,40,43
625,0,14,512,12.6,790,8,5
606,0,14,512,12.6,790,8,5
941,512,100,3072,120,1250,112,108
775,128,15,1024,14.4,900,16,15
525,0,14,512,11.2,700,8,4
719,512,100,1024,160,1250,112,81
720,512,100,4096,115.2,900,112,81
600,512,100,2048,115.2,900,80,48
719,512,122,2048,160,1250,128,92
620,512,100,2048,96,750,64,40
1029,2048,60,2048,80.2,1253,40,44
606,0,14,1024,10.7,667,8,5
598,512,75,1536,72,750,56,33
601,384,75,3072,67.2,700,80,48
835,256,50,2048,64,1000,32,30
900,256,45,1024,80.3,1254,32,29
710,256,32,2048,28.8,900,32,23
753,256,32,2048,50.2,785,16,12
500,256,20,1024,28.8,900,32,16
850,256,45,1024,28.8,900,32,27
625,256,32,2048,28.8,900,32,20
650,384,35,2048,28.8,900,24,16
660,256,33,1024,28.8,900,16,11
660,256,33,1024,28.8,900,16,11
625,128,15,2048,14.4,900,16,10
660,256,25,1024,28.8,900,16,11
672,256,35,2048,28.8,900,16,11
625,128,15,1024,14.4,900,16,10
800,128,20,2048,12.8,800,8,7
800,256,33,2048,57.6,900,16,13
1082,1024,25,2048,14.4,900,16,18
900,128,20,1024,14.4,900,8,7
625,128,12,1024,14.4,900,8,5
672,256,12,1024,14.4,900,8,5
771,512,122,4096,160,1250,128,102
811,384,75,3072,96.2,1002,80,65
675,384,35,2048,28.8,900,24,16
719,512,100,2048,115.2,900,112,81
850,256,65,2048,64.1,1002,64,54
628,256,55,2048,64.1,1002,64,42
967,256,50,2048,28.8,900,32,37
926,256,50,2048,80.2,1253,32,30
967,256,50,2048,28.8,900,32,37
941,256,50,2048,64,1000,32,34
837,256,45,2048,28.8,900,32,33
810,256,45,2048,28.8,900,32,29
837,256,45,2048,28.8,900,32,27
980,256,50,2048,86.4,1350,32,31
980,128,33,2048,14.4,900,32,34
810,256,45,2048,28.8,900,32,26
719,128,33,2048,28.8,900,16,14
725,256,33,2048,28.8,900,32,23
775,128,33,2048,14.4,900,16,15
575,128,17,2048,14.4,900,32,30
775,128,15,1024,14.4,900,16,12
625,128,33,1024,14.4,900,16,15
745,256,45,2048,64,1000,32,24
1038,2048,122,8192,160.4,1253,104,117
1038,2048,100,8192,160.4,1253,96,108
1038,2048,100,4096,160.4,1253,96,108
924,2048,75,3072,120.3,1253,88,91
924,2048,81,3072,120.3,1253,80,83
924,2048,81,6144,120.3,1253,80,79
1064,2048,165,4096,224,1750,128,152
1029,2048,50,4096,80.2,1253,40,44
924,2048,50,4096,80,1250,64,61
1029,2048,50,2048,80.2,1253,40,44
738,128,20,1024,14.4,900,8,6
993,2048,50,2048,32,1000,40,45
1122,2048,25,2048,16,1001,24,30
928,2048,40,2048,32,1000,32,33
993,2048,50,4096,28.8,900,40,45
775,128,15,1024,14.4,900,8,6
928,2048,25,2048,40,1250,24,22
914,2048,50,2048,80,1250,40,40
1072,2048,30,2048,16,1000,24,28
888,2048,25,2048,36,1125,24,21
928,2048,25,2048,14.4,900,24,23
1072,2048,25,4096,16,1000,24,28
575,128,25,4096,14.4,900,32,31
575,128,25,2048,14.4,900,32,31
954,128,25,1024,14.4,900,32,31
1000,1024,290,8192,352,1375,176,176
1000,2048,175,4096,512,500,256,256
1000,1024,290,4096,320,1250,176,176
1000,2048,375,4096,512,500,224,224
1050,2048,275,4096,512,500,256,269
1000,2048,275,4096,512,500,224,224
1090,1024,300,8192,384,1500,176,192
1060,1024,300,8192,384,1500,176,187
1050,1024,275,8192,384,1500,176,185
1055,1024,375,8192,384,1500,176,186
1080,1024,375,8192,384,1500,176,190
1060,1024,375,8192,384,1500,176,187
1070,1024,300,8192,384,1500,176,188
1100,1024,300,8192,390.4,1525,176,194
1100,1024,275,8192,390.4,1525,176,194
1060,1024,300,8192,384,1500,176,187
1070,1024,375,8192,384,1500,176,188
1060,1024,300,8192,384,1500,176,187
1000,1024,275,8192,384,1500,160,160
1050,1024,275,8192,384,1500,176,185
1010,1024,300,8192,384,1500,160,162
1050,1024,275,8192,384,1500,176,185
1010,1024,375,8192,384,1500,160,162
1040,1024,375,8192,384,1500,160,166
1025,1024,275,8192,384,1500,160,164
1060,1024,275,8192,390.4,1525,160,170
1050,1024,300,8192,384,1500,160,168
1030,768,225,4096,185.6,1450,128,132
990,768,190,4096,182.4,1425,128,127
1000,1024,275,8192,384,1500,160,160
1010,1024,300,8192,384,1500,160,162
1040,768,225,4096,192,1500,128,133
1020,768,190,4096,182.4,1425,128,131
1000,1024,300,8192,384,1500,160,160
990,768,190,4096,182.4,1425,128,127
1020,768,225,4096,188.8,1475,128,131
980,768,190,4096,182.4,1425,128,125
970,768,190,4096,182.4,1425,128,124
970,768,190,4096,182.4,1425,128,124
980,768,225,2048,176,1375,112,110
1030,768,190,4096,182.4,1425,128,132
990,768,190,4096,182.4,1425,112,111
980,768,190,2048,188.8,1475,112,110
980,768,190,4096,188.8,1475,112,110
985,768,225,4096,185.6,1450,112,110
990,768,190,4096,182.4,1425,112,111
985,768,225,2048,176,1375,112,110
980,768,190,2048,176,1375,112,110
1000,768,190,4096,185.6,1450,112,112
990,768,190,4096,182.4,1425,112,111
980,768,190,2048,176,1375,112,110
1000,768,190,2048,179.2,1400,112,112
990,768,190,4096,182.4,1425,112,111
918,512,190,2048,176,1375,112,103
980,768,190,4096,188.8,1475,112,110
990,768,190,2048,176,1375,112,111
925,512,150,2048,179.2,1400,64,62
1000,1024,180,2048,179.2,1400,80,84
970,768,190,2048,176,1375,112,109
985,1024,150,2048,179.2,1400,64,66
985,1024,150,2048,179.2,1400,64,66
985,1024,150,4096,179.2,1400,64,63
970,1024,110,2048,179.2,1400,64,65
935,1024,110,2048,182.4,1425,64,63
990,768,190,4096,176,1375,112,111
1020,1024,110,4096,182.4,1425,64,68
1000,512,85,2048,104,1625,48,50
1000,1024,110,2048,182.4,1425,64,67
1000,1024,150,4096,179.2,1400,64,67
1100,512,120,2048,104,1625,56,64
975,1024,110,2048,179.2,1400,64,65
1000,1024,150,2048,179.2,1400,64,67
925,1024,110,2048,179.2,1400,64,62
1060,512,150,2048,104,1625,48,51
1050,512,100,2048,112,1750,48,50
1100,512,100,2048,96,1500,48,53
1050,512,100,2048,104,1625,48,50
1050,512,100,2048,96,1500,48,50
1060,512,100,2048,105.6,1650,48,51
1050,512,100,2048,96,1500,48,50
1070,512,100,2048,104,1625,48,51
1060,512,150,2048,96,1500,48,51
1200,512,150,2048,104,1625,48,58
1070,512,50,2048,96,1500,48,51
1070,512,100,2048,104,1625,48,51
730,512,50,2048,28.8,900,24,19
1050,512,100,2048,104,1625,48,50
800,512,65,2048,72,1125,20,17
830,512,50,2048,28.8,900,20,17
1050,512,75,2048,96,1500,48,50
1000,512,65,2048,73.6,1150,24,25
1050,1024,300,4096,320,1250,176,185
1030,1024,290,8192,352,1375,176,181
1080,1024,290,4096,361,1410,176,190
1040,1024,290,4096,332.8,1300,176,183
1000,512,65,1024,73.6,1150,24,25
1040,1024,290,4096,345.6,1350,176,183
1080,1024,290,4096,320,1250,176,190
1040,1024,290,4096,320,1250,176,183
1040,1024,290,8192,320,1250,176,183
1030,1024,250,4096,320,1250,176,181
1050,1024,300,4096,345.6,1350,176,185
1040,1024,290,4096,320,1250,176,183
1000,1024,290,4096,320,1250,176,176
1050,1024,375,4096,345.6,1350,176,185
980,1024,250,4096,320,1250,160,157
1000,1024,300,4096,320,1250,176,176
1030,1024,275,4096,358.4,1400,160,165
947,1024,250,4096,320,1250,160,152
975,1024,250,4096,320,1250,160,156
1000,1024,275,4096,332.8,1300,160,160
975,1024,250,4096,320,1250,160,156
1007,1024,275,4096,320,1250,160,161
947,1024,275,4096,320,1250,160,152
1040,1024,275,4096,345.6,1350,160,166
1040,1024,275,4096,320,1250,160,166
1040,1024,275,4096,320,1250,160,166
975,1024,250,4096,320,1250,160,156
1000,1024,275,4096,320,1250,160,160
928,768,190,2048,179.2,1400,112,104
918,768,190,2048,176,1375,112,103
918,768,190,2048,176,1375,112,103
947,1024,275,4096,320,1250,160,152
918,768,190,2048,176,1375,112,103
965,768,190,2048,179.2,1400,112,108
945,768,190,2048,176,1375,112,106
945,768,190,2048,176,1375,112,106
973,768,190,2048,179.2,1400,112,109
954,768,190,2048,179.2,1400,112,107
918,768,190,2048,176,1375,112,103
850,768,250,3072,288,1500,128,128
1000,768,250,3072,297.6,1550,128,138
973,768,190,2048,179.2,1400,112,109
850,768,250,3072,288,1500,128,128
1020,768,250,3072,288,1500,128,141
1000,768,250,3072,288,1500,128,141
1100,768,250,3072,307.2,1600,128,147
1000,768,250,6144,288,1500,128,134
870,768,250,3072,288,1500,128,131
950,768,250,3072,297.6,1550,128,137
1000,768,250,3072,288,1500,128,134
1000,768,250,3072,288,1500,128,134
880,768,250,3072,288,1500,128,132
1000,768,250,3072,288,1500,128,141
950,768,375,3072,307.2,1600,128,141
1000,768,280,3072,288,1500,128,141
970,768,250,3072,307.2,1600,128,137
925,768,280,3072,288,1500,128,128
850,768,250,3072,288,1500,128,128
933,768,200,3072,249.6,1300,112,112
855,768,200,3072,240,1250,112,108
847,768,200,3072,240,1250,112,107
950,768,225,3072,240,1250,112,120
933,768,200,3072,240,1250,112,112
855,768,200,3072,240,1250,112,108
874,768,200,3072,249.6,1300,112,110
850,768,200,3072,240,1250,112,105
850,768,250,3072,288,1500,128,128
1000,512,180,4096,179.2,1400,80,84
1050,512,180,2048,185.6,1450,80,88
1050,512,180,2048,185.6,1450,80,88
1030,512,180,2048,179.2,1400,80,86
1100,512,180,2048,192,1500,80,92
1020,512,180,4096,179.2,1400,80,86
1020,512,180,2048,179.2,1400,80,86
827,768,200,3072,240,1250,112,104
1100,512,180,2048,192,1500,80,92
1060,512,180,2048,182.4,1425,80,88
1100,512,180,2048,179.2,1400,80,92
1030,512,180,2048,179.2,1400,80,86
1150,512,180,2048,179.2,1400,80,94
1030,512,180,2048,179.2,1400,80,86
1030,512,180,2048,179.2,1400,80,86
1100,512,180,2048,179.2,1400,80,91
1030,512,180,2048,179.2,1400,80,90
1030,512,175,2048,179.2,1400,80,86
1050,512,180,4096,179.2,1400,80,88
1050,512,180,2048,179.2,1400,80,88
1000,512,180,2048,179.2,1400,80,84
1050,512,225,4096,179.2,1400,80,88
900,512,150,2048,179.2,1400,80,74
1030,512,180,4096,179.2,1400,80,90
900,512,175,2048,179.2,1400,80,78
900,512,150,2048,179.2,1400,64,59
950,512,175,2048,179.2,1400,80,78
950,512,175,2048,179.2,1400,80,78
925,512,150,2048,179.2,1400,80,76
950,512,175,2048,179.2,1400,80,78
1070,512,180,2048,179.2,1400,80,90
900,512,150,2048,179.2,1400,80,74
930,512,146,2048,179.2,1400,80,76
900,512,150,2048,179.2,1400,80,74
900,512,150,2048,179.2,1400,64,59
1008,512,150,2048,179.2,1400,64,66
900,512,150,2048,179.2,1400,64,59
930,512,150,2048,179.2,1400,64,61
1100,512,115,2048,102.4,1600,56,62
930,512,146,2048,179.2,1400,80,76
900,512,150,2048,179.2,1400,64,59
1160,512,115,2048,105.6,1650,56,65
900,512,150,2048,179.2,1400,64,61
1120,2048,150,8192,256,2000,144,185
1000,512,85,2048,80,1250,56,56
1120,2048,150,8192,256,2000,144,193
1120,2048,150,4096,224,1750,144,182
1120,2048,150,8192,256,2000,144,185
1030,512,85,2048,80,1250,56,58
1030,512,85,2048,80,1250,56,58
1188,512,85,2048,80,1250,56,67
1050,512,85,2048,80,1250,56,59
1075,512,85,2048,80,1250,56,60
1000,512,85,2048,80,1250,56,56
1075,512,105,1024,102.4,1600,56,60
1075,512,105,2048,102.4,1600,56,60
1050,512,105,2048,96,1500,56,59
1050,512,105,2048,96,1500,56,59
1175,512,105,2048,96,1500,56,66
1050,512,105,2048,96,1500,56,59
1050,512,105,1024,96,1500,56,59
1075,512,105,1024,102.4,1600,56,60
1000,512,105,1024,96,1500,56,56
1000,512,105,2048,96,1500,56,56
1030,512,105,1024,96,1500,56,58
1100,512,105,2048,96,1500,56,62
1050,512,105,1024,96,1500,56,59
1000,512,105,2048,96,1500,56,56
1000,512,105,1024,96,1500,56,56
1075,512,105,1024,96,1500,56,60
1075,512,105,1024,102.4,1600,56,60
1000,512,105,1024,96,1500,56,56
1160,512,115,2048,105.6,1650,56,65
1100,512,115,2048,104,1625,56,62
1188,512,115,2048,104,1625,56,67
1188,512,115,2048,104,1625,56,67
1150,512,120,2048,105.6,1650,56,64
1188,512,115,2048,112,1750,56,67
1175,512,115,2048,104,1625,56,66
1160,512,105,2048,105.6,1650,56,65
1100,512,115,2048,104,1625,56,62
1100,512,115,2048,104,1625,56,62
1120,2048,150,8192,256,2000,144,191
1120,2048,150,4096,224,1750,144,182
1208,2048,150,8192,256,2000,144,193
1208,2048,150,4096,224,1750,144,188
1120,2048,150,4096,224,1750,144,182
1120,2048,150,8192,256,2000,144,182
1120,2048,120,4096,224,1750,144,182
1120,2048,150,8192,256,2000,144,182
1120,2048,150,8192,256,2000,144,192
1120,2048,150,8192,256,2000,144,182
1120,2048,150,4096,224,1750,144,182
1120,2048,150,4096,224,1750,144,184
1120,2048,150,8192,256,2000,144,184
1120,2048,150,4096,224,1750,144,188
1120,2048,150,8192,256,2000,144,188
1120,2048,150,8192,256,2000,144,186
1120,2048,120,4096,224,1750,144,186
1120,2048,150,8192,256,2000,144,193
1000,512,95,2048,96,1500,48,48
1120,2048,150,8192,256,2000,144,182
1120,2048,120,4096,224,1750,144,182
1050,512,95,1024,96,1500,48,50
1120,2048,120,4096,224,1750,144,182
950,512,80,1024,72,1125,40,38
1120,2048,150,8192,256,2000,144,193
1100,512,80,1024,83.2,1300,40,44
1000,512,80,1024,72,1125,40,40
1050,512,80,1024,72,1125,40,42
950,512,83,1024,72,1125,40,38
1000,512,80,1024,72,1125,40,40
1020,512,80,2048,72,1125,40,41
1000,512,80,1024,72,1125,40,40
800,512,61,1024,72,1125,32,26
800,512,75,1024,72,1125,32,26
800,512,55,1024,72,1125,32,26
1020,512,80,2048,73.6,1150,40,41
1000,512,65,2048,25.6,800,24,25
950,512,80,2048,72,1125,40,38
1000,512,65,2048,28.8,900,24,25
1050,512,65,2048,28.8,900,24,26
1000,512,65,1024,25.6,800,24,25
1000,512,65,2048,28.8,900,24,25
1120,2048,150,8192,256,2000,144,185
1000,512,48,2048,28.8,900,24,25
1000,512,65,2048,28.8,900,24,25
1120,2048,150,8192,256,2000,144,182
1120,2048,150,8192,256,2000,144,185
1120,2048,150,8192,256,2000,144,182
1120,2048,150,4096,224,1750,144,182
1120,2048,150,8192,256,2000,144,186
1120,2048,120,4096,224,1750,144,182
1120,2048,150,8192,256,2000,144,182
1120,2048,150,4096,224,1750,144,182
1120,2048,150,8192,256,2000,144,182
1120,2048,150,8192,256,2000,144,182
1120,2048,150,8192,256,2000,144,182
1120,2048,150,8192,256,2000,144,192
1120,2048,150,8192,256,2000,144,182
1120,2048,150,8192,256,2000,144,182
926,2048,120,4096,224,1750,128,164
1120,2048,120,4096,224,1750,144,182
926,2048,120,4096,224,1750,96,118
1000,512,65,1024,73.6,1150,24,25
1050,512,75,1024,73.6,1150,24,26
926,2048,120,4096,211.2,1650,96,118
926,2048,120,4096,224,1750,96,121
1000,512,65,2048,73.6,1150,24,25
1050,512,65,1024,73.6,1150,24,26
1000,512,65,1024,73.6,1150,24,25
1000,512,65,1024,73.6,1150,24,25
1000,512,65,2048,73.6,1150,24,25
1000,512,65,1024,73.6,1150,24,25
1000,512,65,1024,73.6,1150,24,25
730,512,35,4096,21.3,667,20,16
1050,512,65,2048,73.6,1150,24,26
730,512,35,2048,25.6,800,20,16
1000,512,59,1024,73.6,1150,24,26
730,512,30,1024,73.6,1150,20,16
730,512,30,2048,72,1125,20,16
730,512,30,2048,73.6,1150,20,16
730,512,30,1024,72,1125,20,16
730,512,35,1024,28.8,900,20,16
730,512,35,1024,28.8,900,20,16
926,2048,120,4096,224,1750,128,156
750,512,30,2048,28.8,900,20,16
1121,2048,120,8192,256,2000,128,161
1143,2048,120,4096,224,1750,128,161
926,2048,120,4096,224,1750,128,163
926,2048,110,4096,211.2,1650,128,159
926,2048,120,4096,211.2,1650,128,155
926,2048,110,4096,211.2,1650,128,156
926,2048,110,8192,211.2,1650,128,159
926,2048,120,4096,211.2,1650,128,161
926,2048,120,4096,211.2,1650,128,161
926,2048,120,4096,211.2,1650,128,154
926,2048,120,4096,211.2,1650,128,154
1090,1024,75,4096,112,1750,56,67
1090,1024,75,4096,112,1750,48,59
926,2048,120,4096,211.2,1650,128,163
1090,1024,75,4096,112,1750,48,59
1090,1024,75,2048,112,1750,48,59
926,2048,120,4096,211.2,1650,128,157
1090,1024,150,2048,112,1750,64,78
1090,1024,75,2048,112,1750,64,77
1090,1024,75,4096,112,1750,56,68
1090,1024,150,4096,112,1750,64,80
1090,1024,75,4096,112,1750,56,68
1090,1024,75,4096,112,1750,56,69
1090,1024,75,4096,112,1750,56,68
750,512,30,2048,28.8,900,20,16
760,512,35,2048,28.8,900,20,16
730,512,35,2048,28.8,900,20,16
730,512,30,2048,28.8,900,20,16
780,512,30,2048,28.8,900,20,18
730,512,35,4096,28.8,900,20,16
770,512,35,4096,28.8,900,20,16
730,512,30,1024,25.6,800,20,16
730,512,35,2048,28.8,900,20,16
775,128,35,1024,14.4,900,8,6
875,128,37,1024,14.4,900,8,7
625,128,19,1024,12.8,800,8,5
625,128,19,2048,10.7,667,8,5
625,128,19,1024,10.7,667,8,5
625,128,19,2048,8,500,8,5
625,128,19,1024,8,500,8,5
625,128,19,2048,8,500,8,5
625,128,19,1024,10.7,667,8,5
650,128,19,2048,9.6,600,8,5
625,128,19,1024,8.5,533,8,5
625,128,19,1024,8.5,533,8,5
625,128,19,1024,9.6,600,8,5
825,512,30,1024,16,1000,24,20
650,128,19,1024,8.5,533,8,5
1000,768,230,3072,273.6,1425,128,128
902,1536,225,12288,288.4,1502,240,216
773,1792,120,8192,192.3,1502,104,80
902,1536,150,8192,192,1000,192,173
706,512,122,4096,172.8,1350,128,90
667,2048,45,1024,28.8,900,32,21
706,512,108,4096,172.8,1350,112,79
667,2048,68,4096,80,1250,40,27
876,256,41,1024,29,905,16,14
876,256,41,1024,29,905,16,14
876,256,41,1024,28.8,900,32,28
574,768,204,6144,143.4,747,56,32
625,256,62,1024,41.6,650,32,20
738,0,141,512,70.4,1100,64,47
625,256,62,1024,41.6,650,32,20
513,512,152,2560,120,750,44,23
612,0,172,768,103.7,1080,32,20
600,0,200,2048,115.2,900,112,67
550,0,75,512,57.6,900,56,31
675,0,140,512,70.4,1100,64,43
600,0,105,512,57.6,900,56,34
600,0,50,512,25.6,400,32,19
600,0,105,1024,57.6,900,56,34
650,0,95,512,57.6,900,32,21
650,0,95,1024,57.6,900,32,21
513,0,143,640,63.4,792,24,12
575,0,158,768,86.4,900,32,18
650,0,135,512,51.2,800,64,42
513,0,143,320,63.4,792,24,12
576,0,143,640,72,900,24,14
600,0,105,512,57.6,900,56,34
540,0,47,512,12.8,400,16,9
675,0,75,512,32,1000,16,11
675,0,75,256,32,1000,16,11
540,0,75,512,12.8,400,16,9
540,0,47,256,22.4,700,16,9
540,0,46,512,22.4,700,16,9
460,0,30,1024,12.8,400,8,4
450,0,30,256,12.8,400,8,4
520,0,40,1024,9.6,600,8,4
520,0,40,512,8,500,8,4
520,0,25,512,6.4,400,8,4
450,0,18,256,6.4,400,8,4
450,0,40,512,12.8,800,8,4
567,0,25,512,6.4,400,8,5
550,128,20,512,14,875,8,4
830,1024,375,4096,320,1250,192,159
900,512,250,2048,179.2,1400,96,86
880,512,250,2048,176,1375,96,84
880,512,250,2048,176,1375,96,84
880,512,250,2048,176,1375,96,84
940,512,250,2048,176,1375,96,90
880,512,250,2048,176,1375,96,84
880,512,250,2048,176,1375,96,84
880,512,250,2048,176,1375,96,84
890,512,250,2048,176,1375,96,85
800,512,200,2048,160,1250,88,70
800,512,200,2048,160,1250,88,70
800,512,200,2048,160,1250,88,70
800,512,200,1024,160,1250,88,70
870,512,200,1024,160,1250,88,77
900,512,150,2048,134.4,1050,56,50
920,512,251,1024,134.4,1050,56,52
800,512,200,2048,160,1250,88,70
940,512,151,1024,147.2,1150,56,53
915,512,225,1024,134.4,1050,56,51
915,512,251,1024,134.4,1050,56,51
900,512,151,1024,134.4,1050,56,50
775,512,127,1024,128,1000,48,37
820,512,1,1024,140.8,1100,48,39
775,512,127,1024,128,1000,48,37
840,512,150,1024,134.4,1050,40,34
850,256,108,1024,76.8,1200,40,34
850,256,108,1024,76.8,1200,40,34
850,256,108,1024,76.8,1200,40,34
850,256,108,1024,76.8,1200,40,34
850,256,108,1024,76.8,1200,40,34
700,256,86,2048,25.6,800,36,25
700,256,86,1024,73.6,1150,36,25
700,256,86,1024,25.6,800,36,25
700,256,86,1024,64,1000,36,25
700,256,86,2048,21.3,667,36,25
700,256,86,1024,73.6,1150,36,25
700,256,86,1024,73.6,1150,36,25
800,256,66,1024,64,1000,24,19
820,256,66,1024,28.8,900,24,20
740,256,86,1024,76.8,1200,36,27
800,256,66,2048,21.3,667,24,19
800,256,66,1024,25.6,800,24,19
800,256,66,2048,19.2,600,24,19
800,256,66,2048,25.6,800,24,19
800,256,66,1024,25.6,800,24,19
800,256,66,1024,64,1000,24,19
800,256,66,1024,25.6,800,24,19
800,256,66,1024,64,1000,24,19
800,256,66,2048,25.6,800,24,19
800,256,66,1024,64,1000,24,19
800,256,66,1024,64,1000,24,19
800,256,66,1024,64,1000,24,19
650,256,44,1024,20.8,650,24,16
650,256,44,1024,21.3,667,24,16
650,256,44,2048,16,500,24,16
800,256,66,1024,64,1000,24,19
650,256,44,1024,28.8,900,24,16
810,256,66,1024,64,1000,24,19
650,256,44,1024,16,500,24,16
650,256,44,1024,25.6,800,24,16
650,256,44,1024,21.3,667,24,16
650,256,44,1024,28.8,900,24,16
650,256,44,4096,25.6,800,24,16
650,128,18,2048,9.3,580,8,5
625,128,25,1024,8.5,533,8,5
625,128,18,1024,12.8,800,8,5
625,128,18,2048,10.7,667,8,5
675,128,18,1024,12.8,800,8,5
625,128,18,2048,10.7,667,8,5
625,128,18,512,8.5,533,8,5
750,128,18,512,25.6,800,8,6
750,128,18,512,28.8,900,8,6
625,128,18,512,25.6,800,8,5
625,128,18,1024,9.6,600,8,5
650,128,19,512,12.8,800,8,5
650,256,60,1024,64,1000,24,16
625,128,18,1024,10.7,667,8,5
650,128,19,1024,12.8,800,8,5
625,128,18,1024,10.7,667,8,5
900,512,188,1024,153.6,1200,80,72
850,512,300,1024,153.6,1200,80,68
850,512,195,2048,153.6,1200,80,68
765,512,151,1024,144,1125,72,55
760,512,151,1024,134.4,1050,72,55
725,512,151,1024,128,1000,72,52
850,512,188,1024,153.6,1200,80,68
860,256,108,1024,76.8,1200,40,34
765,512,151,1024,128,1000,72,55
725,512,185,2048,128,1000,72,52
850,256,108,1024,76.8,1200,40,34
765,512,151,1024,144,1125,72,55
725,512,151,1024,128,1000,72,52
850,256,150,1024,76.8,1200,40,34
850,256,108,512,76.8,1200,40,34
850,256,108,1024,76.8,1200,40,34
775,256,64,1024,64,1000,20,16
775,256,64,1024,64,1000,20,16
925,768,300,3072,264,1375,128,118
1050,768,250,3072,273.6,1425,128,134
950,768,230,3072,273.6,1425,128,122
1050,768,250,3072,273.6,1425,128,134
1100,768,265,6144,288,1500,128,147
1000,768,230,3072,264,1375,128,128
1070,768,300,3072,288,1500,128,147
1000,768,250,3072,288,1500,128,134
1070,768,230,3072,268.8,1400,128,137
1000,768,300,3072,268.8,1400,128,128
1050,768,250,3072,288,1500,128,141
925,768,300,3072,264,1375,128,118
925,768,250,3072,264,1375,128,118
1050,768,300,3072,316.8,1650,128,141
860,768,200,3072,240,1250,112,96
880,768,200,3072,240,1250,112,108
925,768,200,3072,264,1375,112,104
900,768,160,3072,240,1250,112,101
900,768,225,3072,240,1250,112,101
850,768,200,3072,240,1250,112,95
850,768,200,3072,240,1250,112,104
900,768,225,3072,240,1250,112,101
925,512,185,2048,192,1500,96,94
800,768,200,3072,240,1250,112,90
925,512,185,2048,192,1500,96,89
1100,512,175,2048,156.8,1225,80,88
1000,512,175,2048,153.6,1200,80,80
1100,512,175,2048,153.6,1200,80,88
1100,512,175,2048,153.6,1200,80,88
1000,512,175,2048,153.6,1200,80,80
1000,512,175,2048,153.6,1200,80,80
1000,512,175,2048,153.6,1200,80,80
1000,512,175,2048,153.6,1200,80,80
860,512,130,2048,153.6,1200,64,55
920,512,130,2048,160,1250,64,59
975,512,130,2048,153.6,1200,64,62
860,512,130,2048,153.6,1200,64,55
860,512,130,2048,153.6,1200,64,55
1000,512,150,2048,153.6,1200,64,64
860,512,130,1024,153.6,1200,64,55
910,512,130,2048,153.6,1200,64,58
860,512,130,2048,153.6,1200,64,55
1000,512,80,1024,72,1125,40,40
1150,512,80,1024,80,1250,40,46
1000,512,80,1024,72,1125,40,40
1000,512,150,1024,72,1125,40,40
1020,512,150,1024,73.6,1150,40,41
1020,512,150,2048,73.6,1150,40,41
1000,512,80,2048,72,1125,40,40
800,512,55,1024,72,1125,32,26
1000,512,80,1024,72,1125,40,40
800,512,55,1024,72,1125,32,26
800,512,55,1024,72,1125,32,26
800,512,61,1024,72,1125,32,26
800,512,55,1024,72,1125,32,26
800,512,47,1024,28.8,900,24,19
800,512,47,4096,20.8,650,24,19
800,512,47,2048,28.8,900,24,19
800,512,47,2048,25.6,800,24,19
840,512,150,1024,134.4,1050,40,34
800,512,47,2048,28.8,900,24,19
900,512,75,1024,73.6,1150,32,29
800,512,47,1024,72,1125,24,19
800,256,66,2048,25.6,800,24,19
650,256,60,1024,51.2,800,24,16
800,256,66,1024,64,1000,24,19
650,256,60,1024,25.6,800,24,16
650,256,44,1024,28.8,900,24,16
750,128,18,512,28.8,900,8,6
650,128,19,512,12.8,800,8,5
625,128,18,512,8.5,533,8,5
900,512,150,2048,179.2,1400,80,74
1000,512,175,2048,153.6,1200,80,80
925,768,250,3072,264,1375,128,118
800,512,55,2048,72,1125,32,26
1000,512,80,2048,72,1125,40,40
1000,512,75,2048,73.6,1150,24,25
625,128,18,512,8.5,533,8,5
750,128,18,512,28.8,900,8,6
650,128,25,512,12.8,800,8,5
730,512,30,2048,28.8,900,20,16
874,128,29,1024,13.2,825,8,7
1006,512,195,4096,192.3,1502,128,135
915,1024,385,4096,384.5,1502,256,261
1216,2048,200,4096,225.5,1762,128,169
1006,512,195,4096,192.3,1502,128,135
1058,512,195,2048,192.3,1502,128,144
1006,512,195,4096,192.3,1502,128,135
1006,512,195,4096,192.3,1502,128,135
1084,512,215,2048,201.6,1575,128,147
1006,512,215,4096,192.3,1502,128,135
1683,2048,250,8192,320.3,1251,160,292
1607,2048,180,8192,320.3,1251,160,277
1771,2048,250,8192,345.6,1350,160,306
1607,3072,220,11264,502,1426,224,386
1569,3072,220,11264,502,1426,224,377
1531,3072,220,11264,484.4,1376,224,368
1480,3072,220,11264,484.4,1376,224,354
1480,3072,220,11264,484.4,1376,224,354
1480,3072,220,11264,484.4,1376,224,354
1480,3072,220,11264,484.4,1376,224,354
1480,3072,220,11264,484.4,1376,224,354
1594,3072,220,11264,488.6,1388,224,383
1582,3072,220,11264,488.6,1388,224,354
1480,3072,220,11264,484.4,1376,224,354
1480,3072,220,11264,484.4,1376,224,354
1708,2048,200,8192,320.3,1251,160,296
1607,2048,180,8192,320.3,1251,160,277
1607,2048,180,8192,320.3,1251,160,277
1607,2048,180,8192,320.3,1251,160,277
1607,2048,180,8192,320,1250,160,277
1708,2048,180,8192,323.3,1263,160,296
1607,2048,180,8192,320.3,1251,160,277
1645,2048,200,8192,320.3,1251,160,285
1657,2048,180,8192,320.3,1251,160,288
1708,2048,180,8192,323.3,1263,160,296
1632,2048,180,8192,320.3,1251,160,283
1607,2048,180,8192,320.3,1251,160,277
1607,2048,180,8192,320,1250,160,277
1695,2048,180,8192,320.3,1251,160,294
1721,2048,215,8192,320.3,1251,160,298
1607,2048,180,8192,320.3,1251,160,277
1708,2048,180,8192,320.3,1251,160,296
1607,2048,180,8192,320.3,1251,160,277
1480,3072,220,11264,484.4,1376,224,354
1607,2048,180,8192,320.3,1251,160,277
1632,2048,300,8192,320.3,1251,160,283
1784,2048,300,8192,320.3,1251,160,310
1708,2048,180,8192,320.3,1251,160,296
1607,2048,180,8192,320.3,1251,160,277
1607,2048,180,8192,320.3,1251,160,277
1506,2048,150,8192,272,2125,120,202
1607,2048,220,8192,256.3,2002,120,216
1607,2048,150,8192,259.5,2027,120,216
1670,2048,150,8192,272,2125,120,225
1607,2048,150,8192,256.3,2002,120,216
1632,2048,150,8192,262.7,2052,120,220
1607,2048,180,8192,320.3,1251,160,277
1657,2048,150,8192,256.3,2002,120,223
1607,2048,150,8192,259.5,2027,120,216
1632,2048,150,8192,272.3,2127,120,220
1556,2048,150,8192,256.3,2002,120,210
1506,2048,150,8192,256.3,2002,120,202
1569,2048,150,8192,256.3,2002,120,211
1695,2048,150,8192,256.3,2002,120,228
1556,2048,150,8192,256.3,2002,120,210
1582,2048,150,8192,256.3,2002,120,213
1531,2048,150,8192,256.3,2002,120,207
1506,2048,150,8192,256.3,2002,120,202
1506,2048,150,8192,256.3,2002,120,202
1657,2048,150,8192,256.3,2002,120,223
1594,2048,150,8192,256.3,2002,120,214
1506,2048,150,8192,256.3,2002,120,202
1518,2048,150,8192,256.3,2002,120,205
1670,2048,150,8192,272.3,2127,120,225
1594,2048,180,8192,256.3,2002,120,214
1506,2048,150,8192,256.3,2002,120,202
1506,2048,150,8192,256.3,2002,120,202
1506,2048,150,8192,256.3,2002,120,202
1657,2048,150,8192,256.3,2002,120,223
1657,2048,150,8192,256.3,2002,120,223
1506,2048,150,8192,256.3,2002,120,202
1620,2048,150,8192,256.3,2002,120,219
1531,2048,150,8192,256.3,2002,120,207
1531,2048,150,8192,256.3,2002,120,207
1506,2048,150,8192,256.3,2002,120,202
1582,2048,150,8192,256.3,2002,120,213
1620,2048,120,6144,192.2,2002,80,148
1506,2048,120,6144,192.2,2002,80,137
1506,2048,120,6144,192.2,2002,80,137
1556,2048,120,6144,192.2,2002,80,142
1506,2048,150,8192,256.3,2002,120,202
1569,2048,120,6144,192.2,2002,80,143
1518,2048,120,6144,192.2,2002,80,139
1544,2048,120,6144,194.6,2027,80,141
1544,2048,120,6144,194.6,2027,80,141
1556,2048,120,6144,192.2,2002,80,142
1632,2048,150,8192,272.3,2127,120,220
1569,2048,120,6144,197,2052,80,143
1569,2048,130,6144,192.2,2002,80,143
1620,2048,120,6144,192.2,2002,80,148
1544,2048,120,6144,192.2,2002,80,141
1506,2048,120,6144,192.2,2002,80,137
1531,2048,120,6144,192.2,2002,80,140
1556,2048,120,6144,192.2,2002,80,142
1594,2048,120,6144,192.2,2002,80,145
1518,2048,120,3072,192.2,2002,72,125
1620,2048,120,6144,192.2,2002,80,148
1617,2048,120,6144,192.2,2002,80,148
1607,2048,120,6144,192.2,2002,80,147
1506,2048,120,6144,192.2,2002,80,137
1506,2048,120,6144,192.2,2002,80,137
1645,2048,120,6144,194.6,2027,80,150
1637,2048,140,6144,192.2,2002,80,149
1506,2048,120,6144,192.2,2002,80,137
1506,2048,120,6144,192.2,2002,80,137
1506,2048,120,6144,192.2,2002,80,137
1354,1024,75,2048,112.1,1752,40,58
1392,1024,75,4096,112.1,1752,48,72
1303,1024,75,4096,112.1,1752,48,68
1366,1024,75,4096,112.1,1752,48,71
1341,1024,75,4096,112.1,1752,48,70
1290,1024,75,4096,112.1,1752,48,67
1316,1024,75,4096,112.1,1752,48,69
1303,1024,75,4096,112.1,1752,48,68
1290,1024,75,4096,112.1,1752,48,67
1290,1024,75,4096,112.1,1752,48,67
1290,1024,75,4096,112.1,1752,48,67
1379,1024,75,4096,112.1,1752,48,72
1354,1024,75,4096,112.1,1752,48,70
1290,1024,75,4096,112.1,1752,48,67
1354,1024,75,4096,112.1,1752,48,70
1341,1024,75,4096,112.1,1752,48,70
1316,1024,75,4096,112.1,1752,48,69
1392,1024,75,4096,112.1,1752,48,72
1290,1024,75,4096,112.1,1752,48,67
1290,1024,75,4096,112.1,1752,48,67
1290,1024,75,4096,112.1,1752,48,67
1341,1024,75,4096,112.1,1752,48,70
1303,1024,75,4096,112.1,1752,48,68
1366,1024,75,4096,112.1,1752,48,71
1290,1024,75,4096,112.1,1752,48,67
1379,1024,75,4096,112.1,1752,48,72
1392,1024,75,4096,112.1,1752,48,72
1366,1024,75,4096,112.1,1752,48,71
1354,1024,75,4096,112.1,1752,48,70
1290,1024,75,4096,112.1,1752,48,67
1354,1024,75,2048,112.1,1752,40,58
1290,1024,75,4096,112.1,1752,48,67
1290,1024,75,4096,112.1,1752,48,67
1290,1024,75,4096,112.1,1752,48,67
1354,1024,75,2048,112.1,1752,40,58
1404,1024,75,2048,112.1,1752,40,61
1379,1024,75,2048,112.1,1752,40,60
1404,1024,75,2048,112.1,1752,40,61
1442,1024,75,2048,112.1,1752,40,62
1366,1024,75,2048,112.1,1752,40,59
1354,1024,75,2048,112.1,1752,40,58
1354,1024,75,2048,112.1,1752,40,58
1404,1024,75,2048,112.1,1752,40,61
1379,1024,75,2048,112.1,1752,40,60
1366,1024,75,2048,112.1,1752,40,59
1354,1024,75,2048,112.1,1752,40,58
1417,1024,75,2048,112.1,1752,40,61
1442,1024,75,2048,112.1,1752,40,62
1417,1024,75,2048,112.1,1752,40,61
1354,1024,75,2048,112.1,1752,40,58
1354,1024,75,2048,112.1,1752,40,58
1430,1024,75,2048,112.1,1752,40,62
1354,1024,75,2048,112.1,1752,40,58
1442,1024,75,2048,112.1,1752,40,62
1417,1024,75,2048,112.1,1752,40,61
1354,1024,75,2048,112.1,1752,40,58
1442,1024,75,2048,112.1,1752,40,62
1006,512,195,2048,192.3,1502,128,135
1006,512,195,4096,192.3,1502,128,135
1150,512,195,2048,201.6,1575,128,156
1110,512,195,4096,192.3,1502,128,151
1202,512,195,2048,192.3,1502,128,162
1110,512,195,2048,192.3,1502,128,151
1084,512,195,4096,192.3,1502,128,139
1006,512,195,4096,192.3,1502,128,135
1097,512,195,2048,198.7,1552,128,149
1058,512,195,2048,198.7,1552,128,144
1084,512,195,2048,192.3,1502,128,147
1084,512,195,2048,198.7,1552,128,147
1006,512,225,4096,192.3,1502,128,135
1006,512,195,2048,192.3,1502,128,135
915,512,170,2048,192.3,1502,112,110
915,512,170,2048,192.3,1502,112,110
1006,512,185,2048,195.5,1527,112,121
980,512,180,4096,192.3,1502,112,118
965,512,170,2048,192.3,1502,112,117
980,512,180,2048,192.3,1502,112,118
1006,512,170,2048,192.3,1502,112,122
967,512,170,4096,192.3,1502,112,117
1006,512,170,4096,192.3,1502,112,122
1006,512,225,2048,198.7,1552,112,113
1006,512,170,2048,198.7,1552,112,121
1006,512,170,4096,192.3,1502,112,121
915,512,170,2048,192.3,1502,112,110
941,512,170,2048,192.3,1502,112,114
915,512,170,2048,192.3,1502,112,110
1006,1024,340,4096,384.5,1502,224,243
915,512,170,4096,192.3,1502,112,110
915,512,170,2048,192.3,1502,112,110
993,384,140,2048,144.2,1502,80,85
993,384,140,2048,144.2,1502,80,85
928,384,150,2048,144.2,1502,112,113
1032,384,150,2048,144.2,1502,112,124
967,384,150,3072,144.2,1502,112,117
980,384,150,3072,144.2,1502,112,119
915,384,190,2048,144.2,1502,112,110
915,384,150,2048,144.2,1502,112,110
1033,384,150,2048,144.2,1502,112,123
1006,384,150,3072,144.2,1502,112,121
1006,384,150,2048,144.2,1502,112,121
915,384,150,2048,144.2,1502,112,110
1006,384,160,2048,146.6,1527,112,121
1006,384,150,3072,144.2,1502,112,121
1032,384,150,3072,144.2,1502,112,124
1046,384,150,2048,144.2,1502,112,126
1006,384,150,2048,144.2,1502,112,121
1084,384,150,2048,146.4,1525,112,129
980,384,150,2048,144.2,1502,112,119
915,384,225,2048,144.2,1502,112,110
1046,384,150,2048,144.2,1502,112,126
1006,384,140,2048,146.6,1527,80,86
915,384,150,2048,144.2,1502,112,110
967,384,225,2048,144.2,1502,112,118
1106,384,150,2048,163.4,1702,112,134
980,384,140,2048,144.2,1502,80,83
980,384,140,2048,144.2,1502,80,83
1033,384,140,3072,144.2,1502,80,88
1006,384,140,2048,144.2,1502,80,86
980,384,140,2048,144.2,1502,80,83
1046,384,140,3072,144.2,1502,80,89
993,384,140,2048,144.2,1502,80,85
1072,384,140,3072,144.2,1502,80,91
1058,256,64,1024,80,1250,32,34
823,384,130,3072,134.4,1400,96,85
823,384,130,1536,134.4,1400,96,85
993,384,140,2048,144.2,1502,64,68
928,256,110,2048,86.4,1350,64,59
980,384,140,2048,144.2,1502,80,83
1006,384,140,2048,144.2,1502,80,85
1033,384,140,2048,144.2,1502,64,70
928,256,110,2048,86.4,1350,64,59
1006,256,100,1024,88,1375,64,64
966,256,100,1024,86.4,1350,64,62
1071,256,110,1024,86.4,1350,64,69
1072,384,140,2048,144.2,1502,64,73
980,256,150,2048,86.4,1350,64,63
1072,384,140,1024,120.3,1253,64,73
928,256,150,1024,86.4,1350,64,59
1006,384,140,2048,146.6,1527,64,69
1033,256,150,1024,86.4,1350,64,66
980,384,134,1024,120.3,1253,64,66
1006,384,140,2048,144.2,1502,64,69
1033,384,140,2048,144.2,1502,64,70
928,256,110,1024,86.4,1350,64,59
980,384,134,2048,144.2,1502,64,66
928,256,110,1024,86.4,1350,64,59
1020,384,150,2048,144.2,1502,64,69
1058,256,65,1024,80,1250,32,34
1058,256,65,2048,80,1250,32,34
1058,256,64,1024,80,1250,32,34
1058,256,75,2048,80,1250,32,34
1058,256,64,1024,80,1250,32,34
1058,256,64,1024,80,1250,32,34
1058,256,64,1024,80,1250,32,34
1100,256,65,1024,80,1250,32,35
1202,256,64,2048,80,1250,32,38
1110,256,84,1024,80,1250,32,36
1202,256,64,1024,80,1250,32,38
1071,256,75,2048,80,1250,32,34
1215,256,150,1024,81.6,1275,32,39
1058,256,64,2048,80,1250,32,34
1071,256,75,2048,80,1250,32,34
1058,256,64,1024,80,1250,32,34
900,256,65,2048,28.5,891,32,29
1046,128,49,1024,40.1,1252,16,17
1046,128,49,2048,40.1,1252,16,17
1046,128,49,1024,40.1,1252,16,17
902,256,49,1024,40,1250,32,29
900,256,65,2048,25.9,810,32,29
1046,128,49,2048,40.1,1252,16,17
900,256,65,2048,25.6,800,32,29
823,384,65,1024,64,1000,48,43
1050,256,65,2048,28.8,900,32,34
950,256,65,1024,28.5,891,32,30
901,256,65,4096,21.3,667,32,29
902,256,65,2048,28.5,891,32,29
900,256,65,2048,28.5,891,32,29
700,256,65,1024,21.3,667,16,11
902,128,25,4096,12.8,800,16,14
967,128,35,2048,16,1001,16,15
875,256,50,2048,29,905,16,14
810,256,65,1024,51.2,800,16,13
902,128,25,2048,14.4,900,16,14
700,256,65,2048,21.3,667,16,11
780,256,65,1024,22.4,700,16,12
810,256,65,4096,32,1000,16,13
810,256,65,2048,25.6,800,16,13
902,128,25,2048,14.4,900,16,14
700,256,65,4096,17.1,533,16,11
810,256,65,1024,25.6,800,16,13
780,256,65,2048,17.1,535,16,12
700,128,49,2048,8.5,533,16,11
700,128,49,2048,8,500,16,11
810,128,30,1024,14.4,898,8,6
700,128,30,1024,8.6,535,16,11
810,256,65,1024,28.8,900,16,13
810,128,29,2048,8,500,8,6
810,128,29,2048,8.5,533,8,6
810,128,29,2048,8.6,535,8,6
700,128,49,1024,14.4,900,16,11
810,128,29,2048,10.7,667,8,6
810,128,29,2048,9.6,600,8,6
550,128,29,1024,8,500,8,4
523,128,25,512,14.4,898,8,4
810,128,29,1024,14.4,900,8,6
523,128,25,1024,14.4,898,8,4
648,0,204,1024,159,1242,80,52
633,0,219,896,127,1134,80,51
602,0,236,1024,141.7,1107,80,48
650,0,171,896,117.6,1050,72,47
625,0,171,896,123.2,1100,72,45
518,0,182,1792,112.9,1008,64,33
625,0,171,896,123.2,1100,72,45
655,0,171,896,117.6,1050,72,47
576,0,171,896,111.9,999,72,41
675,0,125,1024,64,1000,64,43
576,0,182,896,111.9,999,64,37
576,0,182,896,111.9,999,72,41
738,0,150,1024,64,1000,64,47
675,0,140,512,70.4,1100,64,43
675,0,110,512,57.6,900,64,43
738,0,150,1024,70.4,1100,64,47
675,0,120,1024,70.4,1100,56,38
600,0,58,1024,44.8,700,24,14
500,0,75,1536,24,500,48,24
615,0,58,512,32,1000,16,10
625,0,58,1024,6.4,400,16,10
650,0,75,512,57.6,900,24,16
625,0,58,1024,6.4,400,16,10
625,0,58,1024,25.3,790,16,10
589,0,31,512,6.4,400,4,2
589,0,31,1024,8,500,8,5
700,768,250,1536,177.4,924,60,42
589,0,31,512,4,500,8,5
550,0,69,1024,54.4,850,32,18
700,640,215,1280,133.9,837,56,39
750,768,250,1536,192,1000,60,45
700,768,250,1536,177.4,924,60,42
607,640,215,1280,133.9,837,56,34
650,640,215,1280,136,850,56,36
778,512,160,1024,128.3,1002,56,44
607,512,200,1024,102.7,802,44,27
855,512,160,1024,128.6,1005,56,48
650,512,150,1024,108.8,850,56,36
725,512,160,1024,115.2,900,56,41
700,512,160,1024,115.2,900,56,39
810,512,160,1024,124.8,975,56,45
725,512,160,1024,115.2,900,56,41
780,512,160,1024,115.2,900,56,44
700,512,180,2048,115.2,900,56,39
715,512,160,1024,115.2,900,56,40
700,512,160,1024,115.2,900,56,39
775,512,225,1024,128,1000,56,43
763,512,160,1024,115.2,900,56,43
675,512,160,1024,115.2,900,56,38
783,256,106,1024,17.1,533,24,19
675,384,150,768,86.4,900,56,38
783,256,96,1024,22.4,700,24,19
594,256,75,1024,25.6,800,24,14
783,256,96,1024,22.4,700,24,19
783,256,106,1024,22.4,700,24,19
594,256,75,1024,25.6,800,24,14
790,384,106,1536,86.6,902,24,19
783,256,106,2048,57.7,902,32,25
930,256,107,1024,64,1000,32,30
783,256,106,1024,57.7,902,32,25
783,256,106,1024,57.7,902,32,25
850,256,106,1024,62.7,980,32,27
830,256,107,1024,57.7,902,32,27
825,256,106,1024,59.1,924,32,26
783,256,106,1024,57.7,902,32,25
930,256,107,1024,65.7,1026,32,30
882,256,107,1024,60.8,950,32,28
783,256,106,1024,57.7,902,32,25
783,256,106,1024,57.7,902,32,25
850,256,106,1024,60.8,950,32,27
810,256,65,1024,51.2,800,16,13
783,256,106,1024,57.7,902,32,25
925,256,106,1024,64,1000,32,30
810,256,65,1024,21.3,667,16,13
594,384,56,1536,43.2,900,24,14
830,256,65,1024,28.8,900,16,13
810,256,65,1024,21.3,667,16,13
810,256,65,1024,51.2,800,16,13
830,256,65,1024,51.2,800,16,13
675,512,160,1024,115.2,900,56,38
810,256,65,1024,51.2,800,16,13
822,256,65,1024,51.2,800,16,13
810,256,65,1024,28.8,900,16,13
810,256,65,512,51.2,800,16,13
700,256,49,2048,21.3,667,16,11
700,256,49,4096,17.1,533,16,11
700,256,60,2048,28.8,900,16,11
730,256,49,1024,21.3,667,16,12
785,256,49,1024,29.6,925,16,13
785,256,49,1024,32,1000,16,13
700,256,49,1024,25.6,800,16,11
700,256,49,4096,21.3,667,16,11
730,256,49,1024,28.8,900,16,12
700,256,49,1024,25.6,800,16,11
700,256,50,2048,16,500,16,11
589,0,25,1024,12.6,790,8,5
700,256,50,2048,28.8,900,4,3
700,256,50,2048,25.6,800,4,3
700,256,49,1024,28.8,900,16,11
815,768,255,1536,196.8,1025,64,52
783,768,244,3072,193,1005,64,50
832,768,244,3072,201.6,1050,64,53
797,768,244,1536,194.5,1013,64,51
850,768,244,1536,201.4,1049,64,54
797,768,244,1536,194.5,1013,64,51
782,768,244,1536,192.4,1002,64,50
900,768,244,3072,202.2,1053,64,58
797,768,244,1536,194.5,1013,64,51
900,768,244,3072,202.2,1053,64,58
772,768,244,1536,192.4,1002,64,49
750,640,219,1280,156,975,60,45
772,768,244,3072,192.4,1002,64,49
800,640,219,1280,160,1000,60,48
800,640,219,1280,160,1000,60,48
780,640,219,1280,152,950,60,47
797,640,219,1280,156,975,60,48
750,640,219,1280,156,975,60,45
732,640,219,1280,152,950,60,44
950,512,150,1024,140.8,1100,56,53
820,512,150,1024,128.3,1002,56,46
732,640,219,2560,152,950,60,44
950,512,170,1024,140.8,1100,64,61
900,512,184,1024,134.8,1053,64,58
900,512,180,1024,134.4,1050,64,58
880,512,170,1024,134.4,1050,64,56
950,512,170,1024,134.4,1050,64,61
822,512,170,2048,128.3,1002,64,53
900,512,170,1024,134.8,1053,64,58
822,512,170,2048,128.3,1002,64,53
932,512,150,1024,143.6,1122,56,52
822,512,170,1024,128.3,1002,64,53
732,640,210,1280,121.6,950,64,47
736,384,150,1024,91.9,957,48,35
750,640,210,1280,124.8,975,64,48
810,512,150,1024,128.3,1002,56,45
810,512,150,2048,128.3,1002,56,45
870,512,150,1024,130.6,1020,56,49
810,512,150,1024,128.3,1002,56,45
810,512,150,1024,128.3,1002,56,45
850,512,150,2048,128.3,1002,56,48
851,512,150,2048,131.3,1026,56,48
822,512,150,1024,129.3,1010,56,46
931,512,150,1024,137.9,1077,56,52
851,512,150,1024,131.3,1026,56,48
900,512,150,1024,133.1,1040,56,50
900,512,176,1024,131.3,1026,56,50
925,512,150,1024,134.4,1050,56,52
810,512,150,1024,128.3,1002,56,45
850,512,150,1024,134.4,1050,56,48
552,768,150,1280,128.3,802,44,24
931,512,150,1024,128.3,1002,56,52
810,512,150,1024,128.3,1002,56,45
822,512,150,1024,129.3,1010,56,46
776,384,150,1024,91.9,957,48,37
810,512,150,1024,128.1,1001,56,45
900,384,116,1024,98.4,1025,32,29
900,384,116,1024,98.4,1025,32,29
951,384,116,1024,104.5,1089,32,30
1000,384,116,1024,105.6,1100,32,32
910,384,116,1024,98.5,1026,32,29
900,384,116,1024,98.4,1025,32,29
720,384,70,3072,38.4,800,24,17
720,384,70,1536,38.4,800,24,17
810,128,29,1024,8.5,533,8,6
870,256,105,1024,63.9,999,24,21
598,128,29,1024,8,500,16,10
810,256,29,2048,14.4,898,8,6
810,128,29,1024,10.7,667,8,6
700,256,50,1024,28.8,900,16,11
700,256,29,1024,10.7,667,8,6
810,128,29,1024,14.4,900,8,6
810,128,29,2048,9.6,600,8,6
1202,2048,170,4096,230.4,1800,128,167
810,128,29,1024,9.6,600,8,6
810,128,29,1024,8.6,535,8,6
1291,2048,185,4096,230.4,1800,128,178
1126,2048,165,4096,224.4,1753,128,156
1165,2048,170,4096,224.4,1753,128,162
523,128,25,1024,14.4,898,8,4
1025,3072,250,6144,336.6,1753,176,196
1051,3072,250,6144,336.6,1753,176,201
1253,3072,250,6144,346.2,1803,176,238
1000,3072,250,6144,336.6,1753,176,189
1165,3072,250,6144,336.6,1753,176,223
1152,3072,280,6144,336.6,1753,176,218
1000,3072,250,6144,336.6,1753,176,189
1000,3072,250,6144,336.6,1753,176,189
1190,3072,250,6144,340.6,1774,176,227
1190,3072,250,6144,340.6,1774,176,227
1000,3072,250,6144,336.6,1753,176,189
1203,3072,250,6144,340.6,1774,176,230
1102,3072,250,6144,336.6,1753,176,209
1152,3072,280,6144,345.6,1800,176,218
1152,3072,280,6144,345.6,1800,176,218
1216,3072,250,6144,345.6,1800,176,232
1178,3072,250,6144,340.8,1775,176,225
1206,3072,290,6144,349.4,1820,176,230
1216,3072,250,6144,345.6,1800,176,232
1190,3072,250,6144,336.6,1753,176,227
1000,3072,250,6144,336.6,1753,176,189
1190,3072,250,6144,336.6,1753,176,227
1203,3072,250,6144,336.6,1753,176,230
1102,3072,250,6144,336.6,1753,176,209
1190,3072,250,6144,336.6,1753,176,227
1102,3072,250,6144,336.6,1753,176,209
1102,3072,250,6144,336.6,1753,176,209
1140,3072,250,6144,336.6,1753,176,216
1203,3072,250,6144,336.6,1753,176,230
1190,3072,300,6144,340.6,1774,176,227
1140,3072,250,6144,336.6,1753,176,216
1190,3072,275,6144,336.6,1753,176,227
1000,3072,250,6144,336.6,1753,176,189
1216,3072,375,6144,345.6,1800,176,232
1190,3072,300,6144,336.6,1753,176,227
1000,3072,250,6144,336.6,1753,176,189
1000,3072,250,6144,336.6,1753,176,189
1127,2048,165,4096,224.4,1753,128,156
1228,2048,180,4096,224.4,1753,128,170
1127,2048,180,4096,224.4,1753,128,156
1000,3072,250,6144,336.6,1753,176,189
1203,2048,180,4096,230.4,1800,128,167
1126,2048,165,4096,224.4,1753,128,156
1126,2048,180,4096,224.4,1753,128,156
1127,2048,180,4096,224.4,1753,128,156
1152,2048,165,4096,224.4,1753,128,160
1178,2048,165,4096,224.4,1753,128,164
1216,2048,165,4096,224.4,1753,128,169
1152,2048,170,4096,224.4,1753,128,160
1126,2048,165,4096,224.4,1753,128,156
1266,2048,165,4096,230.4,1800,128,175
1126,2048,180,4096,224.4,1753,128,156
1241,2048,300,4096,227.2,1775,128,172
1126,2048,165,4096,224.4,1753,128,156
1228,2048,165,4096,224.4,1753,128,170
1128,2048,165,4096,224.4,1753,128,151
1228,2048,165,4096,224.4,1753,128,170
1126,2048,250,4096,224.4,1753,128,156
1228,2048,250,4096,224.4,1753,128,170
1126,2048,165,4096,224.4,1753,128,156
1304,2048,165,4096,224.4,1753,128,182
1266,2048,165,4096,224.4,1753,128,175
1291,2048,165,4096,224.4,1753,128,178
1241,2048,165,4096,224.4,1753,128,172
1279,2048,165,4096,224.4,1753,128,177
1291,2048,165,4096,224.4,1753,128,178
1126,2048,165,4096,224.4,1753,128,156
1126,2048,165,4096,224.4,1753,128,156
1291,2048,165,4096,224.4,1753,128,178
1304,2048,165,4096,224.4,1753,128,182
1178,2048,300,4096,224.4,1753,128,164
1126,2048,225,4096,224.4,1753,128,156
1126,2048,165,4096,224.4,1753,128,156
1102,1792,160,4096,225.4,1761,104,129
1152,1792,148,4096,224.4,1753,104,136
1228,1792,175,4096,230.4,1800,104,144
1203,1792,175,4096,230.4,1800,104,141
1178,2048,300,4096,224.4,1753,128,164
1317,2048,375,4096,224.4,1753,128,183
1050,1792,150,4096,224.4,1753,104,123
1050,1792,148,4096,224.4,1753,104,123
1050,1792,150,4096,224.4,1753,104,123
1152,1792,150,4096,224.4,1753,104,136
1140,1792,296,8192,224.4,1753,104,133
1076,1792,150,4096,224.4,1753,104,126
1140,1792,145,4096,224.4,1753,104,133
1102,1792,148,4096,224.4,1753,104,129
1241,2048,300,4096,224.4,1753,128,172
1076,1792,148,4096,224.4,1753,104,126
1076,1792,150,4096,224.4,1753,104,126
1165,1792,145,4096,224.4,1753,104,137
1050,1792,148,4096,224.4,1753,104,123
1178,1792,145,4096,230.4,1800,104,138
1088,1792,145,4096,224.4,1753,104,128
1178,1792,145,4096,224.4,1753,104,138
1114,1792,150,4096,224.4,1753,104,130
1126,1792,145,4096,224.4,1753,104,132
1101,1792,148,4096,224.4,1753,104,129
1076,1792,150,4096,224.4,1753,104,126
1178,1792,150,4096,224.4,1753,104,138
1164,1792,145,4096,224.4,1753,104,137
1216,1792,165,4096,224.4,1753,104,144
1190,1792,148,4096,227.2,1775,104,140
1152,1792,150,4096,224.4,1753,104,136
1152,1792,150,4096,224.4,1753,104,136
1165,1792,150,4096,224.4,1753,104,137
1140,1792,150,4096,224.4,1753,104,133
1190,1792,145,4096,224.4,1753,104,140
1216,1792,160,4096,224.4,1753,104,142
1190,1792,150,4096,224.4,1753,104,140
1165,1792,150,4096,224.4,1753,104,137
1088,1792,148,4096,224.4,1753,104,128
1050,1792,148,4096,224.4,1753,104,123
1050,1792,148,4096,224.4,1753,104,123
1114,1792,225,4096,224.4,1753,104,130
1216,1792,160,4096,224.4,1753,104,142
1050,1792,148,4096,224.4,1753,104,123
1088,1792,148,4096,224.4,1753,104,128
1177,1024,120,2048,112.2,1753,64,79
1266,1024,120,2048,112.2,1753,64,85
1050,1792,145,4096,224.4,1753,104,123
1177,1024,120,2048,112.2,1753,64,79
1266,1024,120,2048,112.2,1753,64,85
1177,1024,120,4096,112.2,1753,64,79
1165,1024,120,2048,112.2,1753,64,79
1266,1024,120,4096,112.2,1753,64,85
1127,1024,120,2048,112.2,1753,64,75
1279,1024,120,2048,115.2,1800,64,86
1127,1024,120,4096,112.2,1753,64,75
1127,1024,120,4096,112.2,1753,64,75
1203,1024,120,2048,115.2,1800,64,81
1127,1024,120,2048,112.2,1753,64,75
1176,1024,120,2048,112.2,1753,64,79
1190,1024,120,2048,112.2,1753,64,80
1241,1024,120,4096,112.2,1753,64,83
1178,1024,120,4096,112.2,1753,64,79
1127,1024,120,2048,112.2,1753,64,75
941,1536,250,3072,288.4,1502,192,191
1329,1024,160,2048,115.2,1800,64,89
1178,1024,120,4096,112.2,1753,64,79
1190,1024,120,2048,112.2,1753,64,80
1006,1536,300,3072,298,1552,192,203
1020,1536,250,3072,336,1750,240,260
1006,1536,250,3072,345.6,1800,240,257
980,1536,250,3072,336,1750,240,241
1020,1536,250,3072,336,1750,240,260
1085,1536,250,3072,336,1750,240,276
980,1536,250,3072,336,1750,240,251
1020,1536,250,3072,336,1750,240,260
980,1536,250,3072,336,1750,240,251
1006,1536,250,3072,345.6,1800,240,251
1006,1536,250,3072,336,1750,240,257
1072,1536,250,3072,336,1750,240,273
1020,1536,250,3072,336,1750,240,260
980,1536,250,3072,336,1750,240,251
954,1536,250,3072,336,1750,240,245
875,1536,250,3072,336,1750,240,223
980,1536,250,3072,297.6,1550,192,198
1006,1536,250,3072,336,1750,240,257
1127,1024,120,4096,112.2,1753,64,75
1241,1024,120,4096,112.2,1753,64,83
1178,1024,120,2048,112.2,1753,64,79
1127,1024,120,2048,112.2,1753,64,75
1190,1024,120,2048,112.2,1753,64,80
1165,1024,120,2048,112.2,1753,64,79
1241,1024,120,2048,112.2,1753,64,83
1216,1024,120,2048,112.2,1753,64,82
1165,1024,120,2048,112.2,1753,64,79
1266,1024,120,4096,112.2,1753,64,85
1266,1024,120,2048,112.2,1753,64,85
1241,1024,120,4096,112.2,1753,64,83
1279,1024,120,2048,112.2,1753,64,86
1190,1024,120,4096,112.2,1753,64,80
1127,1024,120,2048,112.2,1753,64,75
1279,1024,120,2048,115.2,1800,64,86
1203,1024,120,2048,115.2,1800,64,81
1203,1024,120,2048,112.2,1753,64,81
1165,1024,120,2048,112.2,1753,64,79
1190,1024,120,4096,112.2,1753,64,80
1279,1024,160,4096,112.2,1753,64,86
1216,1024,120,2048,112.2,1753,64,82
902,1536,250,3072,288.4,1502,192,183
1279,1024,120,2048,112.2,1753,64,86
1046,1536,265,3072,297.6,1550,192,208
900,1536,250,3072,288.4,1502,192,180
954,1536,250,6144,288.4,1502,192,193
980,1536,250,3072,288.4,1502,192,198
967,1536,250,6144,288.4,1502,192,196
993,1536,250,3072,288.4,1502,192,201
889,1536,250,6144,288.4,1502,192,181
967,1536,250,3072,288.4,1502,192,196
941,1536,250,3072,288.4,1502,192,191
1304,1024,120,4096,112.2,1753,64,87
1006,1536,250,3072,288.4,1502,192,203
1127,1024,120,4096,112.2,1753,64,75
1304,1024,120,2048,112.2,1753,64,87
1253,1024,120,2048,112.2,1753,64,84
1253,1024,150,4096,112.2,1753,64,84
1253,1024,150,4096,112.2,1753,64,84
1127,1024,120,2048,112.2,1753,64,75
1127,1024,120,2048,112.2,1753,64,75
1253,1024,120,2048,115.2,1800,64,84
1203,1024,120,2048,112.3,1755,48,67
1089,1024,120,2048,105.7,1652,48,61
1102,1024,120,2048,108.9,1701,48,61
1024,1024,94,2048,105.8,1653,48,57
1126,1024,150,2048,105.8,1653,48,57
1076,1024,75,2048,105.8,1653,48,60
1127,1024,100,2048,106.4,1663,48,63
889,3072,500,6144,576.8,1502,384,346
863,1536,250,6144,288.4,1502,192,173
863,1536,250,3072,288.4,1502,192,173
1076,1024,90,2048,105.8,1653,48,60
1059,512,230,4096,224.3,1752,128,141
1064,1024,90,2048,105.8,1653,48,60
1046,512,230,2048,218,1703,128,139
1059,512,230,4096,224.4,1753,128,142
1190,1024,150,2048,112.2,1753,64,80
1076,1024,90,2048,105.8,1653,48,60
1137,512,229,2048,224.4,1753,128,152
1046,512,230,4096,224.3,1752,128,139
1137,512,229,4096,224.4,1753,128,152
1150,512,280,2048,224.4,1753,128,154
1150,512,256,4096,230.4,1800,128,154
1059,512,230,4096,224.3,1752,128,142
1150,512,244,2048,230.4,1800,128,154
1072,512,230,2048,224.4,1753,128,142
1202,512,230,2048,224.4,1753,128,161
1046,512,230,2048,224.3,1752,128,139
1046,512,250,2048,218,1703,128,139
1111,512,250,2048,218,1703,128,149
1110,512,230,2048,218,1703,128,149
1085,512,250,2048,224.4,1753,128,146
1111,512,250,4096,217.9,1702,128,149
1085,512,250,2048,218,1703,128,146
1024,1024,75,2048,105.8,1653,48,57
1150,512,250,4096,224.4,1753,128,154
954,1536,300,3072,288.4,1502,192,193
1026,1024,75,2048,105.8,1653,48,57
1178,1024,110,2048,108.8,1700,48,64
1076,1024,75,2048,105.8,1653,48,60
1051,1024,90,2048,105.8,1653,48,59
1114,1024,90,2048,105.8,1653,48,63
1178,1024,110,2048,108.8,1700,48,66
1102,1024,100,2048,105.8,1653,48,61
1064,1024,100,2048,105.8,1653,48,60
1203,1024,120,2048,112,1750,48,67
1165,1024,110,2048,105.8,1653,48,65
1203,1024,90,2048,107.7,1683,48,67
1190,1024,125,2048,105.8,1653,48,67
1102,1024,75,2048,105.8,1653,48,61
1152,1024,110,2048,105.8,1653,48,64
1140,1024,150,2048,105.8,1653,48,65
1126,1024,90,2048,105.8,1653,48,57
1126,1024,150,2048,105.8,1653,48,57
1024,1024,90,2048,105.8,1653,48,57
993,512,170,2048,192.3,1502,96,102
1046,512,230,2048,224.3,1752,128,139
1203,1024,125,2048,105.8,1653,48,67
1111,512,170,2048,192.3,1502,96,113
1058,512,230,4096,224.4,1753,128,142
993,512,170,2048,192.3,1502,96,102
980,512,170,4096,192.3,1502,96,99
1085,512,170,2048,192.3,1502,96,110
1085,512,170,4096,192.3,1502,96,110
1111,512,170,2048,198.7,1552,96,113
1033,512,170,2048,192.3,1502,96,105
915,512,170,2048,192.3,1502,112,110
1111,512,170,4096,198.7,1552,96,113
1072,512,170,4096,198.4,1550,96,109
1059,512,170,2048,192.3,1502,96,108
1020,512,170,2048,192.3,1502,96,100
1085,512,170,2048,192.3,1502,96,110
1111,512,300,4096,224.4,1753,128,149
1006,512,170,2048,192.3,1502,96,103
1085,512,170,4096,192.3,1502,96,110
1058,512,170,2048,192.3,1502,96,107
1058,512,170,4096,192.3,1502,96,107
980,512,170,4096,192.3,1502,96,99
1058,512,170,2048,192.3,1502,96,107
980,512,170,2048,192.3,1502,96,99
1033,512,170,2048,192.3,1502,96,105
1072,512,170,2048,198.4,1550,96,109
980,512,170,2048,192.3,1502,96,99
1006,512,160,2048,192.3,1502,96,102
1072,512,170,2048,192.3,1502,96,109
1072,512,170,2048,192.3,1502,96,109
1072,512,170,4096,192.3,1502,96,109
1111,512,170,2048,192.3,1502,96,113
980,512,170,4096,192.3,1502,96,99
1111,512,170,2048,198.7,1552,96,113
1006,512,170,2048,192.3,1502,96,103
1085,512,170,4096,192.3,1502,96,110
1006,512,170,2048,192.3,1502,96,103
1072,512,170,2048,192.3,1502,96,109
823,384,130,3072,134.4,1400,96,85
1085,512,170,4096,192.3,1502,96,110
823,384,130,1536,134.4,1400,96,85
1033,2048,55,1024,80,1250,32,36
1033,2048,55,2048,80,1250,32,36
1033,2048,60,1024,86.4,1350,40,44
1229,2048,90,2048,96.1,1502,40,53
980,512,170,2048,192.3,1502,96,99
1229,2048,55,1024,86.4,1350,32,42
1202,2048,60,2048,96.1,1502,40,51
1032,2048,60,2048,86.4,1350,40,44
1046,2048,60,2048,86.4,1350,40,45
1085,2048,60,2048,88,1375,40,47
1202,2048,90,2048,96.1,1502,40,51
1058,2048,60,2048,86.4,1350,40,45
1059,2048,60,2048,86.4,1350,40,45
1046,2048,60,2048,86.4,1350,40,44
1020,2048,60,2048,86.4,1350,40,43
1072,2048,60,2048,86.4,1350,40,46
1163,2048,60,2048,86.4,1350,40,50
1085,2048,60,2048,86.4,1350,40,47
1059,2048,75,4096,86.4,1350,40,45
1032,2048,60,2048,86.4,1350,40,44
1215,2048,60,2048,86.4,1350,40,52
1032,2048,75,2048,86.4,1350,40,44
1032,2048,60,2048,86.4,1350,40,44
1072,2048,60,2048,86.4,1350,40,46
1110,2048,60,2048,86.4,1350,40,48
1202,2048,90,2048,96.1,1502,40,51
1189,2048,85,2048,86.4,1350,40,51
1176,2048,60,2048,86.4,1350,40,50
1085,2048,60,2048,88,1375,40,47
1020,2048,65,2048,86.4,1350,40,43
1020,2048,60,2048,86.4,1350,40,43
1058,2048,60,2048,86.4,1350,40,45
1020,2048,60,2048,86.4,1350,40,43
1020,2048,60,2048,86.4,1350,40,43
1085,2048,55,1024,81.6,1275,32,37
1020,2048,60,2048,86.4,1350,40,43
1072,2048,150,2048,86.4,1350,40,46
1020,2048,55,1024,80.2,1253,32,35
1124,2048,65,2048,86.4,1350,40,48
1020,2048,55,2048,80,1250,32,35
1020,2048,55,2048,80,1250,32,35
1059,2048,55,2048,80.2,1253,32,36
1020,2048,55,2048,80,1250,32,35
1085,2048,55,2048,80.2,1253,32,37
1059,2048,55,1024,80.2,1253,32,36
1124,2048,75,4096,86.4,1350,40,48
1072,512,170,2048,198.4,1550,96,109
1215,2048,55,1024,80.2,1253,32,41
1072,2048,55,1024,80,1250,32,37
1085,2048,55,1024,80.2,1253,32,37
1215,2048,55,2048,80.2,1253,32,41
1085,2048,55,1024,81.6,1275,32,37
1020,2048,55,2048,80,1250,32,35
1020,2048,55,1024,80,1250,32,35
1058,2048,55,2048,80.2,1253,32,36
1033,2048,55,4096,28.8,900,32,33
1058,2048,55,1024,80.2,1253,32,36
1085,2048,55,2048,81.6,1275,32,37
1020,2048,55,2048,80,1250,32,35
1006,384,64,2048,80,1250,32,32
1071,384,64,2048,80,1250,32,34
1100,256,64,2048,83.2,1300,32,35
1006,384,64,1024,80,1250,32,32
1058,256,64,2048,80,1250,32,34
1058,256,64,2048,80,1250,32,34
1058,256,64,1024,80,1250,32,34
993,256,64,2048,80,1250,32,32
1058,256,64,1024,80,1250,32,34
1072,256,64,2048,80,1250,32,34
1085,256,64,1024,80,1250,32,35
1085,256,64,4096,80,1250,32,35
993,256,64,1024,80,1250,32,32
1202,256,64,2048,80,1250,32,38
1085,256,64,2048,80,1250,32,35
1033,256,64,1024,80,1250,32,33
1202,256,64,1024,80,1250,32,38
993,256,64,2048,28.5,891,32,32
993,256,64,1024,28.5,891,32,32
1059,256,64,4096,21.3,667,32,34
1059,256,64,4096,28.5,891,32,34
1033,256,64,2048,80,1250,32,33
993,256,64,1024,80,1250,32,32
1059,256,64,2048,28.5,891,32,34
1059,256,64,2048,21.3,667,32,34
993,256,64,2048,28.8,900,32,32
993,256,64,2048,28.5,891,32,32
700,256,49,4096,16,500,16,11
700,256,49,2048,28.8,900,16,11
700,256,49,4096,17.1,533,16,11
1058,2048,55,2048,80.2,1253,32,36
700,256,49,2048,28.8,900,16,11
700,256,49,2048,21.3,667,16,11
700,256,49,2048,21.3,667,16,11
810,256,65,2048,17.1,533,16,13
700,256,49,1024,28.8,900,16,11
700,256,75,2048,28.8,900,16,11
700,256,49,4096,28.8,900,16,11
1006,128,49,2048,40.1,1253,16,16
902,128,38,2048,40,1250,16,14
902,128,38,2048,40.1,1253,16,14
902,128,38,1024,40.1,1253,16,14
1006,128,49,1024,40.1,1253,16,16
902,128,38,2048,40,1250,16,14
1006,128,49,1024,40.1,1253,16,16
902,128,23,2048,14.4,900,16,14
902,128,25,1024,40,1250,16,14
902,128,23,1024,14.4,900,16,14
902,128,38,1024,40.1,1253,16,14
700,256,49,1024,28.8,900,16,11
902,128,38,2048,40,1250,16,14
902,128,23,4096,14.4,902,16,14
902,128,25,2048,40,1250,16,14
797,128,19,1024,40,1250,16,13
797,128,19,2048,40,1250,16,13
902,128,23,2048,14.4,900,16,14
954,128,19,2048,14.4,900,16,15
810,128,30,1024,14.4,898,8,6
797,128,19,1024,14.4,900,16,13
954,128,25,2048,14.4,900,16,15
954,128,25,2048,14.4,900,16,15
